Office,When was the Office show released?,2005,300
Office,Who is the boss in the office?,Michael,200
Office,Who did Michael end up taking to Jamacia?,Jan,500
Office,How many minutes did Michael work at the company?,9986000,2000
Office,What was Phyllis nick name in highschool Easy _____?,Rider,300
Office,Which of Angelas cat's did Dwight kill?,Sprinkles,300
Office,Who became boss in the final season?,Dwight,200
Office,Who does Pam Marry?,Jim,100
Office,What branch does Jim leave to?,Stanford,500
Office,Who played Deangelo Vickers ___?, Ferrell,200
Office,Who does Ryan date?,Kelly,100
Office,What is the name of the paper company?,Dundermifflin,100
Office,What season does Michael leave?,7,1000
Office,What is Dwights all time favorite movie The _____?,Crow,900
Office,What is the name of kevins band?,Scrantonicity,900
Office,Which one of Michael Scotts girlfriends was played by Steve Carells real life Wife?,Carol,1200
Office,In what city is the Office set in?,Scranton,800
